CompanyId,Name
1,Lufthansa
2,Air Canada
3,AirDUMP
4,Qatar Airways
5,American
6,American
7,Southwest
8,AirDUMP
9,British Airways
10,American
11,Qatar Airways
12,United
13,AirDUMP
14,American
15,British Airways
16,British Airways
17,British Airways
18,JetBlue
19,Qatar Airways
20,United
21,Lufthansa
22,JetBlue
23,Southwest
24,Emirates
25,United
26,Qatar Airways
27,AirDUMP
28,Southwest
29,Air Canada
30,Lufthansa
31,Qatar Airways
32,British Airways
33,Emirates
34,JetBlue
35,United
36,Qatar Airways
37,Air Canada
38,United
39,British Airways
40,JetBlue
41,American
42,AirDUMP
43,JetBlue
44,Air Canada
45,American
46,American
47,American
48,Southwest
49,Emirates
50,Delta
51,Emirates
52,JetBlue
53,Qatar Airways
54,British Airways
55,British Airways
56,Delta
57,American
58,American
59,Air Canada
60,Lufthansa
61,Qatar Airways
62,Delta
63,Emirates
64,British Airways
65,AirDUMP
66,Delta
67,Delta
68,AirDUMP
69,Southwest
70,AirDUMP
71,American
72,Lufthansa
73,Air Canada
74,Lufthansa
75,Qatar Airways
76,Southwest
77,JetBlue
78,British Airways
79,Southwest
80,Air Canada
81,American
82,Air Canada
83,Southwest
84,Emirates
85,JetBlue
86,Delta
87,American
88,Emirates
89,American
90,Southwest
91,Qatar Airways
92,Delta
93,United
94,Lufthansa
95,Lufthansa
96,United
97,American
98,AirDUMP
99,Delta
100,Southwest
101,Lufthansa
102,Air Canada
103,AirDUMP
104,United
105,Emirates
106,AirDUMP
107,AirDUMP
108,United
109,Delta
110,AirDUMP
111,Lufthansa
112,Delta
113,American
114,Air Canada
115,JetBlue
116,Emirates
117,American
118,Delta
119,Lufthansa
120,American
121,Southwest
122,Lufthansa
123,Southwest
124,Qatar Airways
125,British Airways
126,Air Canada
127,Air Canada
128,Lufthansa
129,British Airways
130,Delta
131,Emirates
132,Emirates
133,British Airways
134,Delta
135,Air Canada
136,JetBlue
137,Lufthansa
138,Air Canada
139,British Airways
140,United
141,British Airways
142,AirDUMP
143,American
144,JetBlue
145,Lufthansa
146,British Airways
147,American
148,Air Canada
149,Southwest
150,Emirates
151,Air Canada
152,Southwest
153,Southwest
154,United
155,American
156,Qatar Airways
157,Southwest
158,AirDUMP
159,Southwest
160,JetBlue
161,AirDUMP
162,Air Canada
163,American
164,Southwest
165,British Airways
166,Southwest
167,AirDUMP
168,JetBlue
169,Southwest
170,AirDUMP
171,Emirates
172,Qatar Airways
173,American
174,Emirates
175,Delta
176,British Airways
177,American
178,AirDUMP
179,American
180,British Airways
181,British Airways
182,British Airways
183,JetBlue
184,JetBlue
185,Delta
186,Delta
187,JetBlue
188,Southwest
189,Lufthansa
190,Southwest
191,Emirates
192,Air Canada
193,AirDUMP
194,British Airways
195,British Airways
196,American
197,Southwest
198,AirDUMP
199,Lufthansa
200,Emirates
201,Air Canada
202,Air Canada
203,British Airways
204,Qatar Airways
205,Qatar Airways
206,AirDUMP
207,JetBlue
208,Lufthansa
209,United
210,Qatar Airways
211,Delta
212,Air Canada
213,United
214,Qatar Airways
215,JetBlue
216,Lufthansa
217,American
218,AirDUMP
219,British Airways
220,AirDUMP
221,Lufthansa
222,Qatar Airways
223,Southwest
224,British Airways
225,Southwest
226,AirDUMP
227,Qatar Airways
228,Lufthansa
229,Air Canada
230,Qatar Airways
231,Lufthansa
232,British Airways
233,British Airways
234,Southwest
235,Emirates
236,JetBlue
237,American
238,Lufthansa
239,Lufthansa
240,United
241,AirDUMP
242,United
243,United
244,United
245,AirDUMP
246,AirDUMP
247,AirDUMP
248,American
249,American
250,Delta
251,British Airways
252,United
253,American
254,United
255,Qatar Airways
256,Lufthansa
257,United
258,Qatar Airways
259,JetBlue
260,British Airways
261,Air Canada
262,AirDUMP
263,Lufthansa
264,Qatar Airways
265,Delta
266,Emirates
267,Delta
268,Qatar Airways
269,JetBlue
270,Emirates
271,Southwest
272,American
273,Delta
274,American
275,Air Canada
276,British Airways
277,United
278,Emirates
279,British Airways
280,United
281,Southwest
282,Southwest
283,Delta
284,Qatar Airways
285,Emirates
286,Qatar Airways
287,Lufthansa
288,British Airways
289,AirDUMP
290,Delta
291,American
292,Air Canada
293,American
294,Air Canada
295,Air Canada
296,JetBlue
297,Lufthansa
298,Lufthansa
299,American
300,Southwest
301,British Airways
302,JetBlue
303,American
304,Emirates
305,Delta
306,AirDUMP
307,Emirates
308,Delta
309,British Airways
310,Delta
311,Southwest
312,JetBlue
313,Air Canada
314,American
315,Southwest
316,Delta
317,Emirates
318,Lufthansa
319,British Airways
320,Southwest
321,British Airways
322,American
323,Air Canada
324,Lufthansa
325,Lufthansa
326,Lufthansa
327,United
328,AirDUMP
329,United
330,Emirates
331,Air Canada
332,United
333,Lufthansa
334,British Airways
335,Delta
336,Southwest
337,United
338,Qatar Airways
339,Emirates
340,American
341,Delta
342,American
343,Qatar Airways
344,American
345,AirDUMP
346,Delta
347,American
348,Delta
349,United
350,Air Canada
351,Qatar Airways
352,JetBlue
353,AirDUMP
354,Qatar Airways
355,Qatar Airways
356,Delta
357,Delta
358,Lufthansa
359,United
360,Delta
361,Emirates
362,AirDUMP
363,American
364,British Airways
365,JetBlue
366,American
367,British Airways
368,Qatar Airways
369,British Airways
370,Air Canada
371,AirDUMP
372,Delta
373,Air Canada
374,JetBlue
375,Air Canada
376,Qatar Airways
377,Emirates
378,JetBlue
379,American
380,United
381,Emirates
382,Lufthansa
383,AirDUMP
384,American
385,Emirates
386,Lufthansa
387,AirDUMP
388,Air Canada
389,British Airways
390,Qatar Airways
391,Lufthansa
392,Air Canada
393,Southwest
394,Delta
395,AirDUMP
396,United
397,United
398,Air Canada
399,Emirates
400,Qatar Airways
401,United
402,Qatar Airways
403,Lufthansa
404,JetBlue
405,Air Canada
406,JetBlue
407,Emirates
408,British Airways
409,JetBlue
410,Southwest
411,AirDUMP
412,Qatar Airways
413,United
414,United
415,Emirates
416,AirDUMP
417,Emirates
418,JetBlue
419,AirDUMP
420,Air Canada
421,United
422,JetBlue
423,JetBlue
424,Southwest
425,Emirates
426,American
427,United
428,Delta
429,AirDUMP
430,AirDUMP
431,Lufthansa
432,Southwest
433,Emirates
434,AirDUMP
435,American
436,American
437,Qatar Airways
438,JetBlue
439,American
440,Southwest
441,Emirates
442,JetBlue
443,Emirates
444,British Airways
445,United
446,Qatar Airways
447,Qatar Airways
448,Emirates
449,Lufthansa
450,United
451,Emirates
452,Qatar Airways
453,American
454,AirDUMP
455,Qatar Airways
456,JetBlue
457,Qatar Airways
458,Lufthansa
459,AirDUMP
460,Delta
461,Southwest
462,AirDUMP
463,AirDUMP
464,United
465,Emirates
466,Delta
467,Air Canada
468,Air Canada
469,JetBlue
470,Southwest
471,Air Canada
472,Air Canada
473,AirDUMP
474,United
475,JetBlue
476,JetBlue
477,American
478,British Airways
479,Emirates
480,British Airways
481,Lufthansa
482,Air Canada
483,AirDUMP
484,AirDUMP
485,Lufthansa
486,British Airways
487,Delta
488,JetBlue
489,United
490,Air Canada
491,Lufthansa
492,Delta
493,American
494,United
495,Southwest
496,Qatar Airways
497,Emirates
498,Delta
499,Air Canada
500,Southwest
