UserId,Name,Surname
1,Nico,Alleyn
2,Birdie,Slides
3,Everett,Papa
4,Tonnie,Arbon
5,Lenee,Eales
6,Johnette,Sailes
7,Marci,Kell
8,Akim,Gamage
9,Obadias,Pea
10,Moses,Seeley
11,Marcello,Stampfer
12,Donnie,Winn
13,Carine,Legg
14,Aretha,MacAnespie
15,Fae,Diaper
16,Sumner,Brickner
17,Jandy,Sherwill
18,Yehudi,Ortiger
19,Vin,Ferrieri
20,Bea,Franchioni
21,Annabelle,Turvie
22,Averil,Zolini
23,Thorvald,Tagg
24,Faun,Popeley
25,Wilone,Harlow
26,Tailor,Corbet
27,Pooh,Shales
28,Wallas,Hanby
29,Salmon,Halbord
30,Jermaine,Cotte
31,Aeriell,Oldknowe
32,Mozelle,Imms
33,Billy,Hamblett
34,Pedro,Knoller
35,Hube,Ambrogio
36,Kylynn,Zapatero
37,Nolly,Beever
38,Bren,Volette
39,Edwina,Cocker
40,Daphene,Baum
41,Niven,Blaisdale
42,Amabel,D'Ambrogio
43,Aubrette,Genny
44,Anni,Dumberell
45,Thacher,Cornock
46,Fabe,Immings
47,Ruby,Pray
48,Sarene,Vakhonin
49,Budd,Styant
50,Nealon,Exer
51,Casi,Lerway
52,Modestine,Lugden
53,Rodie,Lyddyard
54,Kaile,Prangley
55,Sidonnie,Yurenev
56,Dean,Casham
57,Giles,Attewill
58,Vincenty,Pray
59,Sherri,Moyers
60,Kathryne,Soal
61,Ardisj,Carreck
62,Vinny,Woloschin
63,Olwen,Gerard
64,Cosette,Cosker
65,Salomone,Smeaton
66,Adrianne,Kilmary
67,Arty,Caulcutt
68,Shanna,Nielson
69,Ebenezer,Faughnan
70,Peria,Bernardy
71,Fraser,Blaksland
72,Sallie,Whitty
73,Skipper,Poat
74,Warden,Ronnay
75,Fanni,Bathow
76,Perry,Lowndesbrough
77,Salome,Timlett
78,Horten,Starkey
79,Noah,Proughten
80,Grannie,Gierardi
81,Shelia,Lownes
82,Val,Bysshe
83,Goddard,Metson
84,Brett,Van Dale
85,Pippa,Spillard
86,Gaby,Iorizzo
87,Tracey,Corbould
88,Jeannie,Fortesquieu
89,Emmye,Byrd
90,Maximo,Conerding
91,Cleopatra,Kehoe
92,Beckie,Jakubowicz
93,Westley,Skermer
94,Dyanna,Bamblett
95,Vachel,Lashford
96,Keith,Gudd
97,Gretel,Dadswell
98,Rickie,Dobrovolski
99,Aggy,Dieton
100,Ursula,Keyzor
101,Di,Solon
102,Chantalle,Cronkshaw
103,Felic,Godrich
104,Arlena,Christou
105,Breena,Cowndley
106,Vickie,Teissier
107,Vanny,Cullagh
108,Jobey,Kennford
109,Lynette,Eldrid
110,Corene,Posner
111,Cacilia,Molan
112,Rickard,Dod
113,Philip,Graine
114,Mirilla,Tabour
115,Ingrid,Bontoft
116,Stephen,Huett
117,Meris,Hayer
118,Oona,Camillo
119,Cameron,Gilli
120,Cathi,Arrol
121,Patricio,Dessant
122,Moll,Waith
123,Braden,Pirkis
124,Vi,Lillford
125,Rogers,Tott
126,Dorry,Ferrarese
127,Cordey,Lafond
128,Christos,Starbuck
129,Jessica,Book
130,Cornie,Turneaux
131,Patrizius,Farnan
132,Markus,Wetheril
133,Wilburt,Behning
134,Charmane,Tarburn
135,Dionne,Connah
136,Ronald,Brito
137,Tabbatha,Benzing
138,Noelyn,McGahy
139,Siobhan,Bartolomeu
140,Natalya,Hotchkin
141,Corny,MacDavitt
142,Morley,Baruch
143,Felice,Walls
144,Kittie,Minshull
145,Benedict,Phant
146,Somerset,Deneve
147,Jordon,oldey
148,Laurice,Ceschini
149,Wyn,Rawle
150,Shina,Bartzen
151,Roana,Stotherfield
152,Suellen,Sallarie
153,Bel,Gouldbourn
154,Allyn,Wych
155,Leola,Kimber
156,Frederik,Pinck
157,Temple,Wilkie
158,Hamlen,Dowyer
159,Georgy,Benzies
160,Koren,Sprigging
161,Emmery,Algar
162,Ursola,Cleeton
163,Kelsey,Sheekey
164,Fernando,Davidai
165,Renata,South
166,Chantalle,Waddam
167,Rochella,Dik
168,Barnabas,Martinot
169,Rube,Sybbe
170,Mort,Petti
171,Aaren,Cundict
172,Dave,Grayne
173,Garret,Grevile
174,Johnna,Kobieriecki
175,Lynelle,Union
176,Cull,Halwill
177,Batholomew,Mottram
178,Hanny,Ambrogi
179,Miner,Grubb
180,Jazmin,Southers
181,Laurice,Geeritz
182,Berna,Simonetti
183,Florida,Calderon
184,Jocelyn,McDill
185,Grannie,Radish
186,Papageno,Wais
187,Camila,Sedge
188,Laurie,Jarrard
189,Julia,Garrity
190,Nicola,Ryde
191,Hadrian,Bellard
192,Jayne,Reyne
193,Yankee,Larwood
194,Marlowe,Flatley
195,Gene,Goodson
196,Kaiser,Baddow
197,Madonna,Cattach
198,Carla,Brunstan
199,Rodolfo,Mourton
200,Adair,Crowden
201,Clarisse,Cheine
202,Shellysheldon,Tring
203,Sterne,Brinsden
204,Ninon,Mattheeuw
205,Fernande,Cowerd
206,Galven,Riccelli
207,Rockwell,Casel
208,Willamina,Duff
209,Wini,Kitteridge
210,Nisse,Moggach
211,Patton,Yatman
212,Gaven,Siley
213,Tildi,Iacovino
214,Marnie,Swetland
215,Olga,Snassell
216,Baxter,Trevarthen
217,Tallulah,Mucklow
218,Chrissy,Rivelin
219,Editha,Darlasson
220,Judie,De Banke
221,Hatty,Daniels
222,Quincey,Antosch
223,Osbourne,Swalowe
224,Adriano,Spatig
225,Wylie,Dizlie
226,Rheta,Matoshin
227,Alvera,Eveleigh
228,Giusto,Permain
229,Raphaela,Wase
230,Correy,Boram
231,Major,McClarence
232,Orazio,Lovegrove
233,Vassili,Simnor
234,Jeanie,Oughton
235,Had,Fransemai
236,Dorry,Ensor
237,Mateo,Dyott
238,Maddie,Tebald
239,Christoforo,Firbank
240,Rana,Braidley
241,Madelaine,Conti
242,Jessee,Hacard
243,Stafani,Pattillo
244,Janene,Wattam
245,Aldwin,Meijer
246,Vladamir,Gayden
247,Basia,Falkus
248,Sabrina,De Gogay
249,Leesa,Jovovic
250,Sandra,McKevin
251,Valeda,Law
252,Trudey,Irvin
253,Shannen,Balshen
254,Ronald,Swanne
255,Birch,Telford
256,Pietrek,Huggons
257,Vinny,Ferson
258,Cecilla,Ivanikov
259,Bobby,Dowle
260,Berton,Slafford
261,Bathsheba,Siemandl
262,Calhoun,Kirkebye
263,Rhoda,Rawstorn
264,Chrysa,Hatter
265,Silvan,Crilly
266,Cicily,Mc Meekin
267,Nicki,Stigell
268,Ajay,MacQuaker
269,Giacinta,Iacobini
270,Kiah,Visick
271,Dido,Sole
272,Tully,Muddimer
273,Rosella,McKee
274,Cissy,Budden
275,Maris,Stuffins
276,Gilbertina,Sandars
277,Reggie,Boyd
278,Lay,Folomin
279,Joaquin,Penrith
280,Christiane,Gidley
281,Rhea,Francesch
282,Kip,Hasely
283,Linea,Greggor
284,Gan,MacIlory
285,Jeanette,Kadwallider
286,Franni,Ivatt
287,Cecilius,MacCoughan
288,Shelly,Bondar
289,Stanford,Philipet
290,Domingo,Keerl
291,Eirena,Chedzoy
292,Mile,Parnall
293,Dermot,Croxton
294,Gillian,Darwen
295,Conan,Bonallick
296,Osmund,Issitt
297,Benoite,Siemandl
298,Kaitlin,Rathke
299,Ches,Picford
300,Lindsy,Mc Trusty
301,Meredeth,Winridge
302,Leonelle,Duran
303,Arleen,Jillins
304,Tonye,Bush
305,Lorne,Mandal
306,Clemente,Barajas
307,Leeann,Boniface
308,Candie,Jerome
309,Eldredge,Sheron
310,Collen,Belbin
311,Millard,Biddleston
312,Gussy,Milburne
313,Jenny,Van Bruggen
314,Ogdon,Seegar
315,Pier,Bolding
316,Elinore,Yarnell
317,Valencia,Headey
318,Ellary,Tremaine
319,Sibylla,Simkiss
320,Anett,Jeroch
321,Suzette,Wooderson
322,Emiline,Smither
323,Shalom,Pales
324,Revkah,Matthews
325,Hettie,McPhater
326,Berget,Showalter
327,Tessa,Clappson
328,Staci,Glendining
329,Salem,Bennedick
330,Barry,Chasteney
331,Lira,Esel
332,Valeria,Langabeer
333,Issi,Breacher
334,Maurene,Adamik
335,Karlene,Creany
336,Roma,Turone
337,Barry,Roderigo
338,Heddie,Huddlestone
339,Pepe,Chat
340,Lucas,Pears
341,Gilemette,Hartas
342,Baryram,Crowthe
343,Caprice,Ackerley
344,Korey,Chantrell
345,Jordanna,Embleton
346,Sarajane,De Castri
347,Tabby,Boman
348,Genny,Handrick
349,Randal,Vannuchi
350,Randell,Risson
351,Trev,Gatrill
352,Carie,Kippin
353,Cris,Stenson
354,Elroy,Betteriss
355,Nessi,Shrimpling
356,Rey,Bordessa
357,Sheena,Bannester
358,Siana,Borrett
359,Gelya,Fowley
360,Amie,Yarranton
361,Melamie,Moberley
362,Tallie,Gasparro
363,Erin,Pinnigar
364,Dorey,Cheer
365,Dana,Marritt
366,Artemus,de Banke
367,Allistir,Flory
368,Steffie,Chess
369,Tod,McGarahan
370,Angelia,Hogbourne
371,Araldo,Lockhurst
372,Isadora,Skuce
373,Allix,Eisikowitz
374,Marje,Matuskiewicz
375,Lothaire,Sparry
376,Mabel,Eglaise
377,Vicky,Rippen
378,Jewel,Greatex
379,Cornelia,Cadell
380,Jerrome,Pleasants
381,Anna-diana,Hulk
382,Carlynne,Tethacot
383,Wilton,Virgo
384,Vidovik,Castellanos
385,Dene,Looker
386,Tim,Naerup
387,Barnabe,Yeskov
388,Bartlet,Wetherell
389,Nolan,Swinford
390,Marie,Paolicchi
391,Levi,Chstney
392,Bertram,Hobbing
393,Sherm,Wife
394,Erroll,Huggard
395,Germain,Germon
396,Corinne,Ousby
397,Augustine,Poskitt
398,Jefferey,Sunderland
399,Lishe,Marzella
400,Marietta,Castanone
401,Erich,Loyd
402,Mella,Southan
403,Philomena,McGlaud
404,Rolland,Aldine
405,Camella,Yallop
406,Zebulen,Drayton
407,Kayne,Hurley
408,Jared,Ainscow
409,Luisa,Bonnick
410,Roxane,Renney
411,Georgeta,Longshaw
412,Verina,Schole
413,Philippa,Rexworthy
414,Carlin,Drysdale
415,Rad,Henden
416,Juline,Shermore
417,Kimmie,Janko
418,Franz,MacDowall
419,Annmaria,Buckie
420,Clement,Chiene
421,Rob,Irving
422,Beckie,Dandie
423,Bil,McGerraghty
424,Elbert,Jackman
425,Eyde,Dymock
426,Gothart,Blacktin
427,Anett,Rudgley
428,Roch,Shead
429,Esme,Fawcitt
430,Eward,Dawney
431,Manya,Greswell
432,Mikel,Leagas
433,Ardisj,Blaxley
434,Addison,Stockton
435,Viki,Burnage
436,Jessica,Croan
437,Roxana,McIllrick
438,Tristan,McCarrick
439,Kendre,Tumbridge
440,Seymour,MacSorley
441,Jeni,Burmaster
442,Micky,Doogue
443,Sig,Dengate
444,Alberto,Spinetti
445,Ardith,Ker
446,Sebastien,Crossgrove
447,Townsend,Itzik
448,Spenser,Brithman
449,Annabelle,Slimm
450,Christen,Band
451,Kylen,Dracksford
452,Gan,Jaffra
453,Pall,Flynn
454,Jordanna,Goody
455,Rhiamon,Giacobo
456,Damara,Wrathall
457,Evvie,Luker
458,Kiah,Kempson
459,Elsa,Tresise
460,Roseann,Ridgway
461,Siward,Bagnall
462,Lodovico,Schoffel
463,Osborn,Cade
464,Madella,Fawcitt
465,Berget,Welbrock
466,Flossy,Loveman
467,Kameko,Sherston
468,Raynor,Saunier
469,Dermot,Pipping
470,Hartwell,Laughton
471,Hube,Devo
472,Vincent,Powter
473,Bax,Fillary
474,Sawyer,Uccello
475,Gertie,Kinig
476,Meyer,McVeigh
477,Guthry,Denidge
478,Fedora,Capes
479,Aloisia,Durie
480,Nikolia,Overton
481,Cad,Treker
482,Yetty,Scyner
483,Deanna,Hirschmann
484,Bili,Duffus
485,Gipsy,Wybrew
486,Salaidh,Cornils
487,Katrinka,Karpenya
488,Kerri,Revelle
489,Renato,Wahner
490,Denis,Oris
491,Madelyn,Sellars
492,Merrill,Aleksandrikin
493,Meagan,Capin
494,Maxine,Hawthorne
495,Frayda,Philipsohn
496,Lila,Yesson
497,Herbie,Meneghelli
498,Cobbie,Bernardon
499,Gayler,Bowery
500,Ludwig,MacCafferky
